sampleID	HC	Mood	ASD	ADHD	Anxiety	SUD
S-361645-17145	0	1	0	1	0	0
S-487085-62796	0	1	0	1	1	0
S-625677-69608	0	1	0	0	0	0
S-682430-18072	0	1	0	0	0	0
S-578235-18789	0	1	0	0	0	0
S-231912-62168	0	0	0	1	0	0
S-445781-29891	1	0	0	0	0	0
S-397836-91603	0	1	0	0	0	1
S-406299-81016	0	1	1	1	1	0
S-732954-19469	1	0	0	0	0	0
S-624809-56601	1	0	0	0	0	0
S-267744-88563	0	1	1	0	0	0
S-629878-41189	0	1	1	0	0	0
S-632339-75901	0	1	0	0	0	0
S-277469-10521	0	1	0	0	1	0
S-847678-19677	1	0	0	0	0	0
S-443939-25834	1	0	0	0	0	0
S-389970-86952	0	1	1	1	1	0
S-589480-67896	1	0	0	0	0	0
S-620777-64218	1	0	0	0	0	0
S-381277-85280	0	1	0	1	0	0
S-193589-42255	0	1	1	1	1	0
S-519387-21127	0	1	0	1	0	0
S-528038-56143	0	1	1	0	1	0
S-561859-64254	1	0	0	0	0	0
S-979907-55400	1	0	0	0	0	0
S-244353-76603	0	1	1	1	0	0
S-274612-27547	0	1	0	1	1	0
S-837293-60689	0	1	0	0	1	0
S-213792-84382	0	1	1	0	0	0
S-787354-52964	1	0	0	0	0	0
S-788441-45244	0	1	0	0	0	0
S-842847-83866	0	1	0	0	0	0
S-798781-13106	1	0	0	0	0	0
S-999067-27175	0	1	0	0	0	0
S-690058-49966	0	1	0	0	0	1
S-689193-44542	0	1	0	0	1	0
S-708594-48863	0	0	1	1	0	0
S-298927-97936	1	0	0	0	0	0
S-993866-43557	0	1	1	0	0	1
S-876317-51922	0	1	0	0	0	0
S-580267-72948	0	1	0	0	1	0
S-974151-63645	0	1	0	0	0	1
S-514279-20069	0	1	0	0	0	0
S-856893-41157	0	1	1	1	0	0
S-668676-80261	1	0	0	0	0	0
S-985250-67269	0	1	0	0	0	0
S-459935-91963	0	1	0	1	1	0
S-456449-12156	0	1	0	0	0	0
S-914684-14451	0	1	0	1	0	0
S-841378-86365	0	1	0	0	1	0
S-992144-21849	0	1	1	0	0	0
S-831318-58169	0	1	0	0	0	0
S-723208-55439	0	1	1	1	0	1
S-855250-62465	0	0	0	0	1	0
S-880994-68143	1	0	0	0	0	0
S-640612-34577	0	1	0	0	0	0
S-248527-37300	0	0	1	0	0	0
S-691733-95350	0	0	0	0	1	0
S-877254-57788	0	1	0	0	0	0
S-893554-87483	1	0	0	0	0	0
S-893368-34676	0	1	1	0	0	0
S-502258-12000	0	1	1	0	0	0
S-222706-85913	0	0	0	1	0	1
S-918096-47326	0	1	0	0	0	0
S-191184-30215	0	1	0	0	0	0
S-768066-70250	1	0	0	0	0	0
S-132181-64403	1	0	0	0	0	0
S-501459-23903	1	0	0	0	0	0
S-689216-52884	1	0	0	0	0	0
S-803966-40112	0	1	0	0	0	0
S-529667-14500	0	1	1	1	1	0
S-839742-79606	0	1	1	1	0	0
S-616657-80111	1	0	0	0	0	0
S-143608-67454	0	1	0	0	0	0
S-242409-10093	1	0	0	0	0	0
S-801435-28331	0	1	0	1	1	0
S-130479-39293	0	1	1	0	0	0
S-764678-38136	0	1	0	0	0	0
S-677325-81975	1	0	0	0	0	0
S-205065-18741	0	1	0	0	0	0
S-265615-11495	0	1	0	0	0	0
S-895189-85738	1	0	0	0	0	0
S-747815-65957	0	0	1	1	1	1
S-515254-72486	0	0	0	1	0	0
S-549430-38814	0	1	0	1	0	0
S-564388-31481	1	0	0	0	0	0
S-118299-36128	0	1	1	0	0	0
S-778290-68169	0	1	0	0	0	0
S-334404-48697	0	1	0	0	0	0
S-911959-42796	0	1	0	1	0	0
S-627734-39332	0	1	0	1	0	0
S-493567-57395	0	1	0	0	0	0
S-540954-73309	0	1	0	0	1	0
S-101007-70293	0	0	0	0	0	0
S-771716-23191	0	1	0	0	0	0
S-707445-92434	1	0	0	0	0	0
S-830353-10329	1	0	0	0	0	0
S-464387-63166	0	1	1	0	1	1
S-791381-52726	0	1	0	1	0	0
S-614204-47617	0	1	0	0	0	0
S-979748-35400	1	0	0	0	0	0
S-717562-63482	0	1	0	0	0	0
S-612877-72693	0	0	0	0	1	0
S-135617-51634	0	1	0	0	0	0
S-373300-61261	0	1	1	0	1	0
S-958469-69059	0	1	1	1	0	1
S-311001-88779	0	1	0	0	0	0
S-355840-19947	0	0	1	0	1	0
S-511534-42932	1	0	0	0	0	0
S-861059-88248	0	1	0	1	1	0
S-105911-87377	1	0	0	0	0	0
S-878772-54789	1	0	0	0	0	0
S-383688-65798	1	0	0	0	0	0
S-676456-95695	0	1	1	0	0	1
S-658555-74900	1	0	0	0	0	0
S-882514-41599	0	0	1	0	0	0
S-853592-96649	1	0	0	0	0	0
S-152510-56371	1	0	0	0	0	0
S-642621-75878	1	0	0	0	0	0
S-549582-79966	1	0	0	0	0	0
S-230560-17619	0	1	0	0	0	0
S-991116-31080	0	1	0	0	1	0
S-446570-37832	0	1	0	1	0	0
S-199110-27904	1	0	0	0	0	0
S-718446-33081	1	0	0	0	0	0
S-542941-64994	1	0	0	0	0	0
S-233986-51449	0	1	1	0	0	0
S-385340-74924	0	1	1	0	1	0
S-915115-76635	0	1	0	0	1	0
S-151069-99970	0	1	0	0	0	0
S-134252-83865	0	1	0	0	1	0
S-443701-77591	1	0	0	0	0	0
S-154262-50089	0	0	0	0	0	0
S-114815-21878	0	1	0	0	0	1
S-917449-48519	0	1	0	0	1	0
S-504860-26010	1	0	0	0	0	0
S-972397-51351	0	1	0	0	0	0
S-737949-71190	0	1	0	0	0	0
S-905900-11703	0	0	1	1	0	0
S-142871-13352	1	0	0	0	0	0
S-173756-86009	0	1	0	0	0	0
S-804142-17287	1	0	0	0	0	0
S-136618-69080	1	0	0	0	0	0
S-319818-78033	1	0	0	0	0	0
S-631070-51972	0	1	0	0	0	0
S-370147-61444	0	1	0	1	0	0
S-562451-40381	1	0	0	0	0	0
S-761446-50505	1	0	0	0	0	0
S-863849-75030	0	1	0	0	1	0
S-396807-41983	0	1	0	0	1	1
S-985574-62675	0	1	0	0	0	1
S-889826-85032	0	1	0	0	0	0
S-343245-85200	0	0	1	0	1	0
S-767132-14251	0	1	0	0	1	0
S-681406-89217	0	1	0	0	0	0
S-389715-23714	1	0	0	0	0	0
S-320901-24065	0	1	1	0	0	1
S-702278-79616	1	0	0	0	0	0
S-433401-85397	1	0	0	0	0	0
S-496323-75249	0	1	0	1	0	0
S-170971-78639	0	1	0	0	0	1
S-329674-28802	1	0	0	0	0	0
S-214515-36362	0	0	0	0	0	0
S-113917-55895	0	1	1	0	0	0
S-408064-26495	1	0	0	0	0	0
S-792369-80983	0	1	0	0	0	0
S-768363-43176	0	1	1	0	0	0
S-786550-32956	0	1	0	1	1	0
S-475874-92609	0	1	1	0	0	0
S-171055-23574	1	0	0	0	0	0
S-190792-86405	0	1	0	0	1	0
S-788091-15485	1	0	0	0	0	0
S-305855-56317	0	1	0	0	0	0
S-730365-49351	0	1	1	1	0	0
S-884323-11887	1	0	0	0	0	0
S-705891-48509	0	0	1	1	1	0
S-274118-96747	0	1	1	1	0	0
S-705461-47052	1	0	0	0	0	0
S-166116-33781	0	1	1	1	0	0
S-428742-84018	0	1	0	1	0	0
S-570266-91454	0	1	0	0	1	0
S-755208-87283	1	0	0	0	0	0
S-138117-99553	1	0	0	0	0	0
S-339357-28287	0	1	0	0	0	0
S-358896-83114	0	1	0	0	1	0
S-668581-68675	1	0	0	0	0	0
S-812382-64884	0	1	0	0	0	0
S-591006-61011	0	0	1	1	1	0
S-993999-66387	0	1	0	1	1	0
S-138035-92936	0	1	0	0	0	1
S-506053-31668	0	1	1	0	1	1
S-982422-78627	0	1	0	0	0	0
S-705278-51966	1	0	0	0	0	0
S-978214-19310	0	1	0	0	0	0
S-311825-50598	0	1	0	1	1	0
S-117506-94890	1	0	0	0	0	0
S-322772-83947	0	1	0	1	0	0
S-741617-71654	1	0	0	0	0	0
S-676835-38556	1	0	0	0	0	0
S-659680-70441	0	1	0	0	0	1
S-400700-48036	0	1	1	0	1	0
S-801624-95521	0	1	0	1	0	0
S-303868-12798	0	1	0	0	0	0
S-653697-23096	1	0	0	0	0	0
S-635333-35762	1	0	0	0	0	0
S-527260-41302	0	1	0	0	0	0
S-268904-84511	0	1	0	0	1	0
S-796788-36807	0	1	0	0	0	1
S-764418-91721	0	1	0	0	0	0
S-817313-68683	0	1	0	0	0	0
S-839921-11117	0	1	1	1	0	1
S-289121-60440	0	1	0	0	0	0
S-888645-60053	1	0	0	0	0	0
S-354128-76820	0	0	0	0	0	0
S-274948-10578	0	1	1	0	0	0
S-594847-26044	1	0	0	0	0	0
S-465167-50490	0	1	0	0	0	0
S-686406-20465	1	0	0	0	0	0
S-677693-52690	1	0	0	0	0	0
S-222913-39158	1	0	0	0	0	0
S-334108-23820	0	1	0	1	0	1
S-181452-71591	0	1	0	0	0	1
S-634097-64389	0	1	0	0	0	0
S-159223-54711	0	1	0	0	0	0
S-558976-68861	0	0	0	0	1	0
S-525713-69286	1	0	0	0	0	0
S-617255-19368	0	1	0	0	0	0
S-721717-27903	0	1	0	0	0	0
S-838559-97148	0	1	0	1	0	0
S-685821-82439	0	1	1	1	1	0
S-736249-27665	0	0	0	1	0	0
S-900314-14373	0	1	0	0	1	1
S-338728-17743	0	1	1	0	0	0
S-263667-79555	0	1	0	0	0	0
S-565474-51889	1	0	0	0	0	0
S-942873-67390	0	1	0	0	0	0
S-382922-14390	0	1	1	1	0	0
S-474888-75992	1	0	0	0	0	0
S-754569-34340	0	1	0	0	0	0
S-349799-99073	0	1	0	0	0	0
S-976568-11695	0	1	0	0	1	0
S-319376-64741	1	0	0	0	0	0
S-113589-59554	0	0	0	0	0	0
S-559177-74068	0	1	0	0	1	1
S-655603-73199	0	0	0	0	0	0
S-216144-87939	0	0	1	0	1	0
S-774662-32249	1	0	0	0	0	0
S-379223-88262	0	1	1	0	1	0
S-595084-96820	1	0	0	0	0	0
S-283466-59545	0	1	1	1	0	0
S-439349-54774	0	0	0	1	0	1
